Mohini,mohinig093@gmail.com,3632773,abc,124254
Ritika,ritika@gmail.com,86438855,xyz,863786
Muskan,muskan@gmail.com,758559,ijk,486405
Arshia,arshia@gmail.com,9753884,mno,9864588
Ram,ram@gmail.com,35416236,nvsonv,98745
CODIVAS,mohinig093@gmail.com,[C@6ac5d5d5,IEM KOLKATA,98765432
CODIVAS,mohinig093@gmail.com,[C@105e6e1a,IEM KOLKATA,98765432
CODIVAS,codivas@gmail.com,[C@100c14fe,IEM KOLKATA,98765432
CODIVAS,codivas@gmail.com,[C@3fffcbf4,IEM KOLKATA,98765432
CODIVAS,codivas@gmail.com,[C@6c55fe85,IEM KOLKATA,98765432
